발생년,발생년월일시,발생시,주야,요일,사망자수,부상자수,중상자수,경상자수,부상신고자수,발생지시도,발생지시군구,사고유형_대분류,사고유형_중분류,사고유형,가해자법규위반,도로형태_대분류,도로형태,가해자_당사자종별,피해자_당사자종별,발생위치X_UTMK,발생위치Y_UTMK,경도,위도, 어린이사고 여부*
2015,2015010809,9,주,목,1,1,0,0,1,경기,안양시,차대사람,횡단중,횡단중,안전운전 의무 불이행,교차로,교차로내,승용차,보행자,949065,1932890,126.9245647,37.39371299,○
2015,2015011919,19,야,월,4,2,1,1,0,강원,인제군,차량단독,공작물충돌,공작물충돌,안전운전 의무 불이행,단일로,기타단일로,승용차,없음,1049711,1994123,128.0657823,37.94567062,○
2015,2015020315,15,주,화,1,1,0,1,0,강원,강릉시,차대사람,기타,기타,안전운전 의무 불이행,교차로,교차로내,승용차,보행자,1122594,1973762,128.8916832,37.75529715,○
2015,2015020816,16,주,일,1,0,0,0,0,울산,동구,차대사람,보도통행중,보도통행중,안전운전 의무 불이행,단일로,기타단일로,승합차,보행자,1174540,1725441,129.4246216,35.50955289,○
2015,2015021109,9,주,수,1,23,4,19,0,인천,서구,차대차,추돌,진행중 추돌,안전운전 의무 불이행,단일로,기타,승용차,승용차,920028,1950327,126.5946579,37.54881422,○
2015,2015021317,17,주,금,1,0,0,0,0,경기,파주시,차대차,정면충돌,정면충돌,신호위반,교차로,교차로내,승합차,자전거,933858,1969563,126.7494682,37.72327883,○
2015,2015021717,17,주,화,2,11,4,7,0,제주,제주시,차대차,기타,기타,과속,교차로,교차로내,승합차,승용차,902111,1499353,126.4463783,33.48152986,○
2015,2015021911,11,주,목,1,2,2,0,0,경북,경주시,차량단독,공작물충돌,공작물충돌,안전운전 의무 불이행,단일로,기타단일로,승용차,없음,1173292,1748364,129.4157879,35.71634186,○
2015,2015021915,15,주,목,1,30,7,21,2,서울,강북구,차대차,추돌,진행중 추돌,신호위반,교차로,교차로내,승용차,승합차,958343,1958135,127.0279481,37.62171859,○
2015,2015030400,0,야,수,1,0,0,0,0,경남,창녕군,차대사람,기타,기타,안전운전 의무 불이행,단일로,기타단일로,화물차,보행자,1081603,1724232,128.3998774,35.5106516,○
2015,2015031010,10,주,화,1,0,0,0,0,경기,광주시,차대사람,길가장자리구역통행중,길가장자리구역통행중,안전운전 의무 불이행,단일로,기타단일로,승합차,보행자,981885,1935141,127.2952875,37.41522599,○
2015,2015032409,9,주,화,1,1,0,1,0,광주,북구,차량단독,공작물충돌,공작물충돌,안전운전 의무 불이행,단일로,기타단일로,승합차,없음,948706,1686036,126.9367316,35.16828773,○
2015,2015032811,11,주,토,1,0,0,0,0,경기,안성시,차대사람,기타,기타,안전운전 의무 불이행,기타/불명,기타,승용차,보행자,976390,1887290,127.2347044,36.98377189,○
2015,2015032811,11,주,토,1,5,1,4,0,충북,괴산군,차대차,정면충돌,정면충돌,기타,교차로,교차로내,승용차,승합차,1023564,1870673,127.7642616,36.83397956,○
2015,2015032811,11,주,토,1,0,0,0,0,전북,무주군,차대사람,횡단중,횡단중,안전운전 의무 불이행,단일로,기타단일로,승용차,보행자,1018858,1781736,127.7093219,36.03229775,○
2015,2015033017,17,주,월,1,0,0,0,0,경기,용인시,차대사람,기타,기타,기타,교차로,교차로부근,승합차,보행자,969048,1919865,127.1508603,37.277192,○
2015,2015040312,12,주,금,2,3,3,0,0,부산,해운대구,차대사람,기타,기타,안전운전 의무 불이행,단일로,기타단일로,승용차,보행자,1148030,1688850,129.1257923,35.18405774,○
2015,2015040523,23,야,일,1,0,0,0,0,전북,익산시,차대차,추돌,주정차중 추돌,안전운전 의무 불이행,교차로,교차로부근,승용차,화물차,948745,1772962,126.9316534,35.95202879,○
2015,2015041212,12,주,일,1,6,3,3,0,전북,익산시,차대차,측면충돌,측면충돌,기타,교차로,교차로내,승용차,화물차,953752,1780808,126.9867139,36.02301525,○
2015,2015041617,17,주,목,1,0,0,0,0,충남,천안시,차대사람,횡단중,횡단중,안전운전 의무 불이행,교차로,교차로내,승합차,보행자,965998,1867693,127.1188154,36.80679855,○
2015,2015041912,12,주,일,3,3,1,2,0,전남,여수시,차량단독,공작물충돌,공작물충돌,안전운전 의무 불이행,단일로,기타단일로,승용차,없음,1019646,1642694,127.7147177,34.77857229,○
2015,2015042314,14,주,목,1,0,0,0,0,경북,경주시,차대사람,횡단중,횡단중,안전운전 의무 불이행,단일로,횡단보도상,건설기계,보행자,1162935,1754451,129.3025776,35.77296509,○
2015,2015042717,17,주,월,1,0,0,0,0,충남,천안시,차대차,정면충돌,정면충돌,안전운전 의무 불이행,기타/불명,기타,승용차,자전거,967017,1865910,127.1303161,36.79076168,○
2015,2015042812,12,주,화,1,30,8,22,0,서울,양천구,차대차,추돌,주정차중 추돌,안전운전 의무 불이행,단일로,기타단일로,승합차,승합차,944829,1950719,126.8753753,37.55416625,○
2015,2015042819,19,야,화,1,0,0,0,0,경기,파주시,차대사람,횡단중,횡단중,보행자 보호의무 위반,단일로,기타단일로,승용차,보행자,930459,1969856,126.7108741,37.72566764,○
2015,2015050115,15,주,금,1,6,4,2,0,강원,횡성군,차대차,추돌,진행중 추돌,안전운전 의무 불이행,단일로,기타,승용차,승용차,1069895.3,1948377.3,128.2910914,37.5320616,○
2015,2015050712,12,주,목,1,0,0,0,0,경기,시흥시,차대사람,기타,기타,안전운전 의무 불이행,기타/불명,기타,승용차,보행자,931066,1929137,126.7215866,37.35872281,○
2015,2015051117,17,주,월,1,0,0,0,0,서울,도봉구,차대사람,기타,기타,안전운전 의무 불이행,교차로,교차로부근,승용차,보행자,958444,1962708,127.0288323,37.66294027,○
2015,2015051610,10,주,토,1,0,0,0,0,강원,영월군,차대사람,횡단중,횡단중,보행자 보호의무 위반,단일로,횡단보도상,승용차,보행자,1085735,1909859,128.4658883,37.18357486,○
2015,2015052008,8,주,수,1,0,0,0,0,울산,울주군,차대차,측면충돌,측면충돌,교차로 통행방법 위반,교차로,교차로내,화물차,자전거,1152718,1729941,129.1849418,35.5537089,○
2015,2015052213,13,주,금,1,0,0,0,0,서울,성북구,차대사람,횡단중,횡단중,안전운전 의무 불이행,단일로,기타단일로,승합차,보행자,957066,1957004,127.0135442,37.61146593,○
2015,2015052310,10,주,토,1,1,1,0,0,충남,천안시,차대차,추돌,진행중 추돌,안전운전 의무 불이행,단일로,기타단일로,승용차,승용차,971046,1885163,127.1747385,36.96444905,○
2015,2015052416,16,주,일,1,4,1,3,0,광주,북구,차대차,측면충돌,측면충돌,신호위반,교차로,교차로내,승용차,승용차,942772,1690948,126.8712315,35.21225684,○
2015,2015052714,14,주,수,2,3,3,0,0,충남,태안군,차대차,정면충돌,정면충돌,중앙선 침범,교차로,교차로부근,승용차,건설기계,891681,1855749,126.2874799,36.6935621,○
2015,2015060117,17,주,월,1,0,0,0,0,경북,구미시,차대사람,횡단중,횡단중,보행자 보호의무 위반,단일로,기타단일로,승합차,보행자,1075129,1790806,128.3347505,36.11134595,○
2015,2015060417,17,주,목,1,0,0,0,0,서울,양천구,차대차,측면충돌,측면충돌,기타,교차로,교차로내,자전거,화물차,944267,1948781,126.8691601,37.53666513,○
2015,2015060823,23,야,월,1,2,1,1,0,경기,김포시,차대차,측면충돌,측면충돌,신호위반,교차로,교차로내,승용차,승용차,927254,1961445,126.6753481,37.64961494,○
2015,2015060917,17,주,화,1,0,0,0,0,경남,양산시,차대사람,보도통행중,보도통행중,기타,교차로,교차로내,승용차,보행자,1138122,1704884,129.0197054,35.32999805,○
2015,2015061116,16,주,목,1,0,0,0,0,부산,해운대구,차대사람,길가장자리구역통행중,길가장자리구역통행중,중앙선 침범,단일로,기타단일로,승용차,보행자,1148597,1689785,129.1321859,35.19240161,○
2015,2015061214,14,주,금,1,2,1,0,1,경기,고양시,차량단독,공작물충돌,공작물충돌,안전운전 의무 불이행,단일로,기타단일로,승용차,없음,943429,1953390,126.8593198,37.57815507,○
2015,2015061917,17,주,금,2,2,1,1,0,전남,여수시,차대차,추돌,진행중 추돌,안전운전 의무 불이행,단일로,기타단일로,화물차,승용차,1012181,1645660,127.6331735,34.80543543,○
2015,2015062314,14,주,화,1,2,1,1,0,인천,서구,차대차,정면충돌,정면충돌,중앙선 침범,단일로,기타단일로,승용차,승용차,929396,1955132,126.7002375,37.59288563,○
2015,2015062323,23,야,화,1,0,0,0,0,경북,포항시,차대사람,횡단중,횡단중,보행자 보호의무 위반,단일로,횡단보도상,승용차,보행자,1171553,1776526,129.4026256,35.97042003,○
2015,2015062412,12,주,수,1,14,3,11,0,강원,정선군,차대차,정면충돌,정면충돌,신호위반,기타/불명,기타,승합차,건설기계,1118352,1913587,128.8338634,37.21360554,○
2015,2015063021,21,야,화,1,1,1,0,0,충북,옥천군,차대차,추돌,진행중 추돌,안전운전 의무 불이행,단일로,기타단일로,화물차,농기계,1026753,1815951,127.7981214,36.34057951,○
2015,2015070214,14,주,목,1,0,0,0,0,서울,서초구,차대사람,기타,기타,보행자 보호의무 위반,교차로,교차로부근,화물차,보행자,957650,1943563,127.0209369,37.49034563,○
2015,2015070217,17,주,목,1,0,0,0,0,대전,서구,차대사람,횡단중,횡단중,보행자 보호의무 위반,단일로,기타단일로,화물차,보행자,989546,1815762,127.3835081,36.33919065,○
2015,2015070417,17,주,토,1,0,0,0,0,경북,포항시,차대사람,길가장자리구역통행중,길가장자리구역통행중,안전운전 의무 불이행,단일로,기타단일로,승용차,보행자,1171691,1775138,129.403855,35.95788848,○
2015,2015070515,15,주,일,1,5,0,5,0,충북,청주시,차대차,측면충돌,측면충돌,신호위반,교차로,교차로내,승용차,이륜차,997969,1845808,127.4772891,36.61011678,○
2015,2015071204,4,야,일,1,1,0,0,1,서울,강동구,차대차,기타,기타,안전운전 의무 불이행,단일로,기타단일로,승용차,승용차,970930.1,1951972.5,127.1708257,37.56665808,○
2015,2015071408,8,주,화,1,0,0,0,0,대구,북구,차대사람,횡단중,횡단중,보행자 보호의무 위반,교차로,교차로내,승용차,보행자,1094076,1769063,128.5426557,35.91369372,○
2015,2015071717,17,주,금,1,5,0,5,0,충북,음성군,차대차,추돌,주정차중 추돌,안전운전 의무 불이행,교차로,교차로부근,승용차,승용차,1010361,1870863,127.6161978,36.83592925,○
2015,2015072316,16,주,목,1,0,0,0,0,경북,문경시,차대사람,기타,기타,안전운전 의무 불이행,단일로,기타단일로,승용차,보행자,1058433,1861627,128.1545941,36.75092538,○
2015,2015072419,19,야,금,1,0,0,0,0,부산,강서구,차대사람,기타,기타,안전운전 의무 불이행,단일로,횡단보도부근,화물차,보행자,1132117,1684084,128.9503119,35.14331541,○
2015,2015073100,0,야,금,1,1,0,1,0,충남,서산시,차대사람,길가장자리구역통행중,길가장자리구역통행중,안전운전 의무 불이행,단일로,기타단일로,승용차,보행자,905277,1873119,126.4374893,36.85157436,○
2015,2015080119,19,야,토,1,6,5,0,1,경기,포천시,차대차,정면충돌,정면충돌,중앙선 침범,단일로,기타단일로,승용차,승용차,974058,2007246,127.2042634,38.06493507,○
2015,2015080219,19,야,일,1,7,6,1,0,충남,서천군,차대차,기타,기타,중앙선 침범,단일로,기타단일로,승용차,승합차,922650,1790534,126.6406013,36.10871947,○
2015,2015080416,16,주,화,1,3,3,0,0,광주,북구,차대차,측면충돌,측면충돌,안전운전 의무 불이행,단일로,기타단일로,승용차,승용차,942582,1691830,126.8690825,35.22019859,○
2015,2015080418,18,야,화,1,0,0,0,0,부산,금정구,차대사람,보도통행중,보도통행중,보행자 보호의무 위반,교차로,교차로부근,승합차,보행자,1144689,1696481,129.0904529,35.25332773,○
2015,2015080709,9,주,금,1,3,3,0,0,강원,춘천시,차대차,추돌,주정차중 추돌,안전운전 의무 불이행,단일로,기타단일로,화물차,승용차,1024953,1974493.7,127.7833276,37.76976916,○
2015,2015081313,13,주,목,1,5,4,1,0,경기,평택시,차대차,정면충돌,정면충돌,안전운전 의무 불이행,교차로,교차로내,승합차,승용차,961817,1888694,127.070886,36.99594896,○
2015,2015081316,16,주,목,1,0,0,0,0,대전,유성구,차대차,측면충돌,측면충돌,신호위반,교차로,교차로부근,승용차,자전거,983676,1811838,127.3181794,36.30373251,○
2015,2015081510,10,주,토,1,0,0,0,0,전북,남원시,차대차,기타,기타,안전운전 의무 불이행,교차로,교차로내,승용차,자전거,984814,1709049,127.3328108,35.3769906,○
2015,2015081515,15,주,토,1,6,3,3,0,충남,천안시,차대차,추돌,진행중 추돌,안전운전 의무 불이행,기타/불명,기타,화물차,승합차,965579,1852657,127.1147961,36.67123955,○
2015,2015081519,19,야,토,2,0,0,0,0,경북,군위군,차량단독,공작물충돌,공작물충돌,안전운전 의무 불이행,단일로,기타단일로,화물차,없음,1112362,1796775,128.7492214,36.16155201,○
2015,2015081918,18,야,수,1,0,0,0,0,전북,익산시,차대사람,횡단중,횡단중,안전운전 의무 불이행,기타/불명,기타,승용차,보행자,949811.5,1771706.6,126.9435582,35.94076603,○
2015,2015082118,18,야,금,1,4,1,3,0,전남,여수시,차대차,정면충돌,정면충돌,중앙선 침범,단일로,기타단일로,화물차,화물차,1021742,1650885,127.7378376,34.8523932,○
2015,2015082218,18,야,토,1,4,4,0,0,경남,함양군,차대차,정면충돌,정면충돌,중앙선 침범,단일로,기타단일로,승용차,승용차,1012797,1726031,127.641155,35.53014636,○
2015,2015082711,11,주,목,1,4,1,1,2,경기,김포시,차대차,추돌,진행중 추돌,안전거리 미확보,단일로,기타단일로,승용차,승용차,930954,1959995,126.7174249,37.6368324,○
2015,2015082815,15,주,금,1,0,0,0,0,경기,평택시,차대사람,횡단중,횡단중,안전운전 의무 불이행,단일로,횡단보도부근,승용차,보행자,960635.8648,1895527.364,127.057255,37.057497,○
2015,2015082918,18,야,토,1,0,0,0,0,경남,진주시,차대차,기타,기타,안전운전 의무 불이행,기타/불명,기타,화물차,자전거,1051269,1686274,128.0630087,35.17043499,○
2015,2015083017,17,주,일,1,5,2,3,0,충남,논산시,차대차,정면충돌,정면충돌,중앙선 침범,단일로,기타단일로,승용차,승용차,968468,1796836,127.1493956,36.1681056,○
2015,2015083112,12,주,월,1,0,0,0,0,부산,사상구,차대사람,횡단중,횡단중,보행자 보호의무 위반,단일로,횡단보도상,건설기계,보행자,1134688,1687393,128.9790667,35.17280233,○
2015,2015090418,18,야,금,1,0,0,0,0,충북,제천시,차대차,측면충돌,측면충돌,중앙선 침범,단일로,기타단일로,자전거,승용차,1059550,1906703,128.1706598,37.15716571,○
2015,2015090616,16,주,일,1,3,3,0,0,강원,양구군,차량단독,공작물충돌,공작물충돌,안전운전 의무 불이행,단일로,기타단일로,화물차,없음,1042796,2007290,127.9878683,38.06469119,○
2015,2015091917,17,주,토,1,2,2,0,0,전남,해남군,차량단독,도로이탈,도로이탈 추락,안전운전 의무 불이행,단일로,기타단일로,승용차,없음,891306,1624809,126.3144579,34.61171598,○
2015,2015092010,10,주,일,1,0,0,0,0,경기,이천시,차대사람,기타,기타,안전운전 의무 불이행,단일로,기타단일로,승용차,보행자,1010501,1901793,127.6181983,37.11474458,○
2015,2015092116,16,주,월,1,0,0,0,0,서울,강서구,차대사람,차도통행중,차도통행중,안전운전 의무 불이행,단일로,기타단일로,승합차,보행자,942488,1948443,126.8490513,37.53350945,○
2015,2015092616,16,주,토,1,3,1,1,1,경북,경주시,차량단독,공작물충돌,공작물충돌,안전운전 의무 불이행,단일로,기타단일로,승용차,없음,1160441,1778515,129.2798447,35.99023469,○
2015,2015092701,1,야,일,1,5,5,0,0,경남,양산시,차대차,추돌,주정차중 추돌,과속,교차로,교차로부근,승용차,승용차,1138022,1705832,129.0187654,35.33855692,○
2015,2015092717,17,주,일,1,0,0,0,0,전남,순천시,차대사람,기타,기타,과속,단일로,기타단일로,승용차,보행자,984833,1656463,127.3339854,34.90281268,○
2015,2015100220,20,야,금,1,0,0,0,0,제주,제주시,차대사람,기타,기타,안전운전 의무 불이행,기타/불명,기타,승용차,보행자,922449,1505472,126.664732,33.53838277,○
2015,2015100312,12,주,토,1,1,0,1,0,충남,예산군,차대차,측면충돌,측면충돌,기타,교차로,교차로내,승용차,이륜차,940343,1854459,126.8322544,36.68623506,○
2015,2015100912,12,주,금,4,19,3,13,3,경북,포항시,차대차,측면충돌,측면충돌,기타,교차로,교차로내,승합차,승합차,1171844,1790580,129.4089058,36.09700779,○
2015,2015101417,17,주,수,1,0,0,0,0,인천,연수구,차대사람,기타,기타,안전운전 의무 불이행,단일로,기타단일로,화물차,보행자,925860,1936888,126.6620279,37.42818007,○
2015,2015101618,18,야,금,1,2,2,0,0,경북,영천시,차대사람,횡단중,횡단중,보행자 보호의무 위반,교차로,교차로내,승합차,보행자,1129464,1775711,128.9358535,35.96956784,○
2015,2015101712,12,주,토,1,0,0,0,0,경기,화성시,차대사람,기타,기타,안전운전 의무 불이행,단일로,기타단일로,승용차,보행자,953568,1914085,126.9766113,37.22444923,○
2015,2015102117,17,주,수,1,1,0,1,0,강원,양구군,차대차,정면충돌,정면충돌,중앙선 침범,단일로,기타단일로,승용차,승용차,1043223,2013502,127.9931118,38.12065605,○
2015,2015102908,8,주,목,1,0,0,0,0,경기,부천시,차대사람,횡단중,횡단중,보행자 보호의무 위반,교차로,교차로부근,승합차,보행자,939660,1943548,126.8174466,37.48921001,○
2015,2015103009,9,주,금,1,0,0,0,0,부산,강서구,차대사람,기타,기타,신호위반,단일로,기타단일로,승용차,보행자,1134774.049,1691927.678,128.980753,35.213667,○
2015,2015103113,13,주,토,1,0,0,0,0,충북,단양군,차대사람,횡단중,횡단중,안전운전 의무 불이행,단일로,기타단일로,승용차,보행자,1076919,1880656,128.3635905,36.92112692,○
2015,2015103115,15,주,토,1,0,0,0,0,대구,수성구,차대차,측면충돌,측면충돌,안전운전 의무 불이행,단일로,기타단일로,건설기계,자전거,1104700,1762429,128.6595101,35.85281298,○
2015,2015110217,17,주,월,1,3,1,2,0,전남,영광군,차대차,기타,기타,안전운전 의무 불이행,교차로,교차로내,화물차,승용차,896827,1697258,126.3657067,35.26547006,○
2015,2015110714,14,주,토,1,4,2,2,0,전남,나주시,차량단독,공작물충돌,공작물충돌,안전운전 의무 불이행,단일로,기타단일로,화물차,없음,932884.8,1676103.9,126.7638137,35.07780248,○
2015,2015111113,13,주,수,1,0,0,0,0,대구,북구,차대사람,횡단중,횡단중,안전운전 의무 불이행,단일로,기타단일로,화물차,보행자,1094218,1770913,128.5444486,35.93035698,○
2015,2015111209,9,주,목,1,0,0,0,0,서울,금천구,차대사람,횡단중,횡단중,보행자 보호의무 위반,교차로,교차로내,승용차,보행자,946962,1939260,126.9003497,37.45100965,○
2015,2015112121,21,야,토,1,5,0,5,0,경남,밀양시,차대차,정면충돌,정면충돌,안전운전 의무 불이행,단일로,기타단일로,화물차,화물차,1125893,1734149,128.8897221,35.59541198,○
2015,2015112717,17,주,금,1,1,1,0,0,대구,동구,차대사람,횡단중,횡단중,안전운전 의무 불이행,단일로,횡단보도상,승용차,보행자,1101091,1764367,128.6197946,35.87066196,○
2015,2015120621,21,야,일,1,2,2,0,0,경기,고양시,차대차,정면충돌,정면충돌,신호위반,교차로,교차로내,승용차,승용차,940875,1960837,126.8297948,37.64511345,○
2015,2015120710,10,주,월,1,3,2,1,0,전남,여수시,차대차,정면충돌,정면충돌,중앙선 침범,단일로,기타단일로,승용차,승용차,1020919,1647088,127.7287401,34.81817059,○
2015,2015121320,20,야,일,1,5,0,4,1,강원,평창군,차대차,추돌,주정차중 추돌,안전운전 의무 불이행,단일로,기타단일로,승용차,승용차,1092545.8,1961396.8,128.5490664,37.64739819,○
2015,2015121908,8,주,토,2,9,4,5,0,전남,담양군,차대차,기타,기타,과속,단일로,기타단일로,승용차,승용차,950555,1692448,126.9566501,35.22619578,○
2015,2015122520,20,야,금,1,1,0,1,0,경남,양산시,차대차,정면충돌,정면충돌,안전운전 의무 불이행,교차로,교차로내,승용차,승용차,1150535,1710583,129.1572817,35.37957026,○
2015,2015122712,12,주,일,1,0,0,0,0,경기,안산시,차대사람,횡단중,횡단중,안전운전 의무 불이행,단일로,기타단일로,승합차,보행자,944872,1929457,126.8774528,37.36253026,○
2015,2015122912,12,주,화,1,3,2,1,0,경기,의정부시,차대차,정면충돌,정면충돌,중앙선 침범,단일로,기타단일로,승용차,승용차,963414,1973388,127.0846445,37.75941187,○
2015,2015123013,13,주,수,1,4,2,2,0,전남,담양군,차대차,기타,기타,안전거리 미확보,단일로,기타단일로,승용차,승용차,952039,1692043,126.9729807,35.2226161,○
2016,2016010109,9,주,금,1,66,4,62,0,전남,곡성군,차대차,추돌,진행중 추돌,안전거리 미확보,단일로,기타단일로,승합차,승합차,974549.5,1692529.2,127.2203184,35.2278243,○
2016,2016010217,17,주,토,1,2,2,0,0,충남,논산시,차량단독,공작물충돌,공작물충돌,안전운전 의무 불이행,단일로,기타단일로,승용차,없음,974796,1801564,127.2196039,36.21091647,○
2016,2016010618,18,야,수,1,0,0,0,0,전남,함평군,차대차,측면충돌,측면충돌,안전운전 의무 불이행,단일로,기타단일로,승용차,화물차,912199,1675385,126.5370126,35.06973132,○
2016,2016010715,15,주,목,2,9,2,3,4,인천,중구,차대차,추돌,진행중 추돌,안전운전 의무 불이행,단일로,기타단일로,승합차,승용차,914617,1946682,126.533833,37.51547873,○
2016,2016011114,14,주,월,1,6,0,6,0,전남,무안군,차대차,추돌,진행중 추돌,안전운전 의무 불이행,단일로,기타,승합차,승용차,908561,1657254,126.4991087,34.90593748,○
2016,2016011912,12,주,화,1,7,2,5,0,전북,정읍시,차대차,기타,기타,안전운전 의무 불이행,단일로,기타단일로,화물차,승용차,942539,1734216,126.8656221,35.60236001,○
2016,2016012115,15,주,목,1,4,1,3,0,경북,김천시,차대차,추돌,진행중 추돌,안전운전 의무 불이행,단일로,기타단일로,승용차,화물차,1069609,1785721,128.2729747,36.06591635,○
2016,2016012612,12,주,화,1,0,0,0,0,경기,평택시,차대사람,횡단중,횡단중,보행자 보호의무 위반,단일로,횡단보도상,승합차,보행자,963322,1888088,127.0878288,36.99054629,○
2016,2016012919,19,야,금,1,0,0,0,0,경남,김해시,차대차,추돌,진행중 추돌,안전운전 의무 불이행,단일로,기타단일로,승용차,건설기계,1119935,1686537,128.8169736,35.16695542,○
2016,2016013008,8,주,토,1,3,2,1,0,충북,옥천군,차대차,추돌,진행중 추돌,안전운전 의무 불이행,단일로,기타단일로,화물차,승용차,1001692,1816639,127.5188564,36.34715247,○
2016,2016020119,19,야,월,1,0,0,0,0,충북,청주시,차대사람,기타,기타,안전운전 의무 불이행,기타/불명,기타,승합차,보행자,993968,1847092,127.4325392,36.62167513,○
2016,2016020704,4,야,일,1,7,0,7,0,인천,연수구,차대차,추돌,진행중 추돌,안전운전 의무 불이행,단일로,기타,승용차,승용차,915704,1936754,126.547268,37.42610299,○
2016,2016020710,10,주,일,2,11,4,7,0,경기,평택시,차대차,측면충돌,측면충돌,신호위반,교차로,교차로내,승합차,화물차,961200,1899418,127.0633989,37.09259091,○
2016,2016020713,13,주,일,1,1,0,1,0,경남,함안군,차대차,측면충돌,측면충돌,안전운전 의무 불이행,교차로,교차로내,화물차,자전거,1085323,1705482,128.4389309,35.34129635,○
2016,2016020713,13,주,일,1,0,0,0,0,대구,동구,차대차,측면충돌,측면충돌,안전운전 의무 불이행,교차로,교차로부근,승용차,자전거,1103161,1772355,128.643756,35.94245216,○
2016,2016020811,11,주,월,1,6,4,2,0,경북,경주시,차대차,기타,기타,중앙선 침범,단일로,기타단일로,화물차,승용차,1144470,1762413,129.099811,35.84761239,○
2016,2016020813,13,주,월,1,3,3,0,0,경북,김천시,차량단독,공작물충돌,공작물충돌,안전운전 의무 불이행,단일로,기타단일로,승용차,없음,1057402,1776229,128.1367412,35.98114011,○
2016,2016020920,20,야,화,1,1,0,1,0,전남,고흥군,차대사람,기타,기타,안전운전 의무 불이행,교차로,교차로내,승용차,보행자,985934,1647645,127.3461848,34.82331123,○
2016,2016021114,14,주,목,2,0,0,0,0,강원,강릉시,차량단독,전도전복,전도전복,안전운전 의무 불이행,단일로,기타단일로,화물차,없음,1117391,1975581,128.8329281,37.77237042,○
2016,2016021311,11,주,토,1,0,0,0,0,부산,부산진구,차대사람,횡단중,횡단중,보행자 보호의무 위반,단일로,횡단보도상,화물차,보행자,1140399.8,1685622.8,129.0414694,35.15606386,○
2016,2016021718,18,야,수,1,0,0,0,0,전북,부안군,차대사람,차도통행중,차도통행중,안전운전 의무 불이행,기타/불명,기타,승용차,보행자,930612,1747328,126.7328259,35.71980807,○
2016,2016021719,19,야,수,1,0,0,0,0,경기,안양시,차대사람,기타,기타,안전운전 의무 불이행,단일로,기타단일로,승용차,보행자,950601,1934191,126.9418299,37.40552258,○
2016,2016022010,10,주,토,1,3,3,0,0,대구,북구,차대사람,보도통행중,보도통행중,기타,단일로,기타단일로,승용차,보행자,1098467.3,1766110.4,128.5909519,35.88664519,○
2016,2016022511,11,주,목,1,0,0,0,0,경기,수원시,차대사람,횡단중,횡단중,안전운전 의무 불이행,교차로,교차로부근,화물차,보행자,957197,1916032,127.0174048,37.24217271,○
2016,2016022618,18,야,금,1,16,9,7,0,경북,포항시,차대차,측면충돌,측면충돌,안전운전 의무 불이행,교차로,교차로내,화물차,승합차,1166135,1793345,129.3461015,36.12291681,○
2016,2016022707,7,주,토,2,7,7,0,0,경기,가평군,차대차,측면충돌,측면충돌,신호위반,교차로,교차로내,승용차,화물차,989790,1966455.7,127.3841834,37.69760391,○
2016,2016022713,13,주,토,1,3,2,0,1,부산,금정구,차량단독,공작물충돌,공작물충돌,안전운전 의무 불이행,단일로,기타단일로,승용차,없음,1146448.5,1695054.5,129.1095327,35.24021425,○
2016,2016022719,19,야,토,1,0,0,0,0,인천,연수구,차대사람,보도통행중,보도통행중,보행자 보호의무 위반,단일로,기타단일로,승용차,보행자,925428,1936733,126.6571613,37.42674838,○
2016,2016030516,16,주,토,1,6,3,3,0,전남,광양시,차대차,정면충돌,정면충돌,중앙선 침범,단일로,기타단일로,승용차,승용차,1015924,1662314,127.6744121,34.9555625,○
2016,2016031017,17,주,목,1,0,0,0,0,서울,관악구,차대사람,길가장자리구역통행중,길가장자리구역통행중,안전운전 의무 불이행,교차로,교차로부근,승합차,보행자,952012,1942492,126.9572322,37.48041658,○
2016,2016031107,7,주,금,1,4,4,0,0,경북,예천군,차대차,정면충돌,정면충돌,중앙선 침범,단일로,기타단일로,승용차,화물차,1084041,1861248,128.4413955,36.74558549,○
2016,2016031412,12,주,월,1,3,2,1,0,강원,양양군,차대차,추돌,진행중 추돌,과속,단일로,기타단일로,승합차,승용차,1100263,2007848,128.6429763,38.06517516,○
2016,2016031714,14,주,목,1,3,3,0,0,전남,곡성군,차대차,정면충돌,정면충돌,중앙선 침범,단일로,기타단일로,건설기계,승용차,990995,1688162,127.4010892,35.18872738,○
2016,2016032015,15,주,일,2,1,0,1,0,경기,시흥시,차량단독,공작물충돌,공작물충돌,안전운전 의무 불이행,단일로,기타단일로,화물차,없음,935262,1935478,126.7684097,37.4161772,○
2016,2016032217,17,주,화,1,0,0,0,0,경기,고양시,차대차,기타,기타,안전운전 의무 불이행,단일로,횡단보도상,승합차,자전거,933767,1964866,126.748863,37.68094016,○
2016,2016032617,17,주,토,1,0,0,0,0,경북,구미시,차대사람,횡단중,횡단중,안전운전 의무 불이행,교차로,교차로부근,화물차,보행자,1076761,1796474,128.3534349,36.16231377,○
2016,2016041119,19,야,월,1,0,0,0,0,경기,안양시,차대차,추돌,진행중 추돌,중앙선 침범,단일로,기타,승용차,자전거,947753,1932396,126.9097781,37.38918734,○
2016,2016041416,16,주,목,1,1,0,1,0,경북,구미시,차대사람,횡단중,횡단중,기타,단일로,기타단일로,승용차,보행자,1077286,1788457,128.358484,36.09000087,○
2016,2016041517,17,주,금,1,5,1,4,0,충남,천안시,차대차,측면충돌,측면충돌,안전운전 의무 불이행,단일로,기타단일로,화물차,승용차,965784,1853710,127.1170431,36.68073944,○
2016,2016042422,22,야,일,1,4,2,2,0,충남,서산시,차대차,정면충돌,정면충돌,중앙선 침범,단일로,기타단일로,승용차,승용차,905034,1864009,126.4359011,36.7694401,○
2016,2016042917,17,주,금,1,0,0,0,0,제주,서귀포시,차대사람,기타,기타,안전운전 의무 불이행,교차로,교차로내,승합차,보행자,912707,1473965,126.5628717,33.25348192,○
2016,2016050217,17,주,월,1,0,0,0,0,경북,영주시,차대사람,횡단중,횡단중,안전운전 의무 불이행,단일로,기타단일로,승용차,보행자,1099838,1868387,128.6192546,36.80839838,○
2016,2016050606,6,주,금,1,0,0,0,0,강원,횡성군,차대사람,기타,기타,안전운전 의무 불이행,기타/불명,기타,화물차,보행자,1047222,1951716,128.0346973,37.56359419,○
2016,2016050711,11,주,토,1,3,2,1,0,경남,김해시,차대차,기타,기타,과속,단일로,기타단일로,화물차,승용차,1134815,1697744,128.9821566,35.26609016,○
2016,2016050711,11,주,토,1,10,3,7,0,충남,논산시,차대차,추돌,진행중 추돌,안전운전 의무 불이행,기타/불명,기타,승용차,승용차,962246.2,1789613.5,127.0805636,36.10276861,○
2016,2016050712,12,주,토,1,4,0,4,0,강원,원주시,차대차,정면충돌,정면충돌,안전운전 의무 불이행,교차로,교차로내,승용차,승용차,1036864,1924026,127.9160323,37.31448272,○
2016,2016051321,21,야,금,1,0,0,0,0,서울,관악구,차대사람,기타,기타,안전운전 의무 불이행,교차로,교차로부근,승용차,보행자,952786,1942059,126.9660139,37.47655371,○
2016,2016052009,9,주,금,1,4,0,4,0,전남,해남군,차대차,추돌,진행중 추돌,안전운전 의무 불이행,단일로,기타단일로,이륜차,승용차,921953,1620266,126.6491082,34.57354188,○
2016,2016052816,16,주,토,1,1,1,0,0,충남,천안시,차대차,측면충돌,측면충돌,안전운전 의무 불이행,교차로,교차로내,승용차,이륜차,970640,1861824,127.1710805,36.75404718,○
2016,2016052917,17,주,일,1,0,0,0,0,서울,관악구,차대사람,차도통행중,차도통행중,기타,교차로,교차로부근,승합차,보행자,948757,1941794,126.9204668,37.47395048,○
2016,2016060611,11,주,월,1,6,1,5,0,대구,북구,차대차,추돌,진행중 추돌,안전운전 의무 불이행,단일로,기타단일로,승용차,승합차,1093423,1771569,128.5357141,35.93634688,○
2016,2016060917,17,주,목,1,8,4,4,0,경남,창원시(통합),차대차,기타,기타,신호위반,교차로,교차로부근,승용차,승용차,1096791,1691115,128.5634169,35.21072507,○
2016,2016061022,22,야,금,3,2,1,1,0,인천,서구,차대차,기타,기타,과속,교차로,교차로부근,승용차,승용차,923316,1949227,126.6319914,37.53917992,○
2016,2016061215,15,주,일,1,6,2,2,2,서울,영등포구,차대차,측면충돌,측면충돌,신호위반,단일로,기타단일로,승용차,승용차,949936,1946922,126.933451,37.52023497,○
2016,2016061817,17,주,토,1,0,0,0,0,경남,창원시(통합),차대사람,횡단중,횡단중,신호위반,단일로,횡단보도상,건설기계,보행자,1099305,1692587,128.5912108,35.22375012,○
2016,2016070117,17,주,금,1,0,0,0,0,전남,보성군,차량단독,기타,기타,기타,교차로,교차로내,화물차,없음,986349,1650189,127.3506815,34.84625781,○
2016,2016070118,18,야,금,1,4,3,0,1,경기,용인시,차대사람,기타,기타,과속,교차로,교차로부근,승용차,보행자,974134,1915473,127.2083825,37.23775817,○
2016,2016070618,18,야,수,1,0,0,0,0,부산,해운대구,차대사람,길가장자리구역통행중,길가장자리구역통행중,안전운전 의무 불이행,단일로,기타단일로,승용차,보행자,1155124.3,1688613.2,129.2036335,35.18085261,○
2016,2016071117,17,주,월,2,6,5,1,0,강원,정선군,차대차,정면충돌,정면충돌,중앙선 침범,단일로,기타단일로,화물차,승용차,1101302,1937506,128.6450087,37.43117481,○
2016,2016071520,20,야,금,1,6,6,0,0,경기,안산시,차대차,정면충돌,정면충돌,중앙선 침범,단일로,기타단일로,화물차,승용차,942918,1920804,126.8560539,37.28441942,○
2016,2016071710,10,주,일,2,3,1,2,0,경기,고양시,차대차,추돌,진행중 추돌,안전운전 의무 불이행,단일로,기타단일로,승용차,승용차,943294,1953518,126.8577811,37.57930042,○
2016,2016071717,17,주,일,4,39,13,26,0,강원,평창군,차대차,추돌,진행중 추돌,안전운전 의무 불이행,단일로,기타,승합차,승용차,1078903,1953071,128.3935369,37.57363661,○
2016,2016072315,15,주,토,1,1,1,0,0,강원,강릉시,차량단독,기타,기타,안전운전 의무 불이행,교차로,교차로부근,승용차,없음,1116888,1976413,128.8273522,37.77993188,○
2016,2016072419,19,야,일,1,0,0,0,0,경북,구미시,차대사람,횡단중,횡단중,안전운전 의무 불이행,단일로,기타단일로,승용차,보행자,1084424,1788886,128.4378088,36.09327393,○
2016,2016073117,17,주,일,3,22,13,8,1,부산,해운대구,차대차,추돌,진행중 추돌,신호위반,교차로,교차로내,승용차,승용차,1152447,1687587,129.174052,35.1720131,○
2016,2016080212,12,주,화,4,1,1,0,0,부산,남구,차대차,추돌,진행중 추돌,안전운전 의무 불이행,교차로,교차로부근,승용차,특수차,1144335,1680622,129.0837867,35.11043039,○
2016,2016080502,2,야,금,1,1,0,1,0,전북,전주시,차대차,기타,기타,안전거리 미확보,단일로,기타단일로,화물차,승용차,961304.3,1763563.7,127.0713717,35.86787402,○
2016,2016080910,10,주,화,1,12,7,5,0,충북,충주시,차대차,추돌,진행중 추돌,과속,단일로,기타단일로,화물차,승용차,1022084,1893741.6,127.7483379,37.04196579,○
2016,2016080916,16,주,화,1,8,6,2,0,전남,순천시,차대차,기타,기타,신호위반,교차로,교차로내,승용차,화물차,992885,1677145,127.4219438,35.08939978,○
2016,2016081323,23,야,토,1,3,2,1,0,경기,여주시,차대차,추돌,진행중 추돌,안전운전 의무 불이행,단일로,기타,승용차,승용차,1021039,1916160,127.737217,37.24407228,○
2016,2016081620,20,야,화,1,9,2,7,0,경기,광주시,차대차,추돌,진행중 추돌,안전운전 의무 불이행,단일로,기타단일로,승용차,승용차,983650,1931769,127.3153078,37.3848644,○
2016,2016082510,10,주,목,1,0,0,0,0,경기,성남시,차대사람,횡단중,횡단중,과속,교차로,교차로부근,승합차,보행자,968357,1938865,127.1422538,37.44842907,○
2016,2016083019,19,야,화,1,0,0,0,0,전남,여수시,차대차,추돌,진행중 추돌,안전운전 의무 불이행,단일로,기타단일로,승합차,자전거,1011130,1636927,127.6215675,34.72669528,○
2016,2016090415,15,주,일,3,3,1,2,0,충남,아산시,차대차,정면충돌,정면충돌,중앙선 침범,단일로,기타단일로,승용차,승합차,949466,1869598,126.9333612,36.82323232,○
2016,2016090601,1,야,화,2,0,0,0,0,부산,사상구,차대차,추돌,진행중 추돌,안전운전 의무 불이행,단일로,기타단일로,화물차,화물차,1134488.5,1688786.5,128.9771038,35.18539031,○
2016,2016090908,8,주,금,1,2,0,2,0,전남,순천시,차대차,측면충돌,측면충돌,신호위반,교차로,교차로내,승용차,승용차,992888,1677145,127.4219767,35.0893998,○
2016,2016090920,20,야,금,1,0,0,0,0,부산,사하구,차대사람,길가장자리구역통행중,길가장자리구역통행중,안전운전 의무 불이행,단일로,기타단일로,승용차,보행자,1131867.8,1680135.7,128.9469474,35.10775668,○
2016,2016091200,0,야,월,1,2,1,1,0,대전,동구,차대차,정면충돌,정면충돌,중앙선 침범,단일로,기타단일로,화물차,승용차,996664,1810714,127.4628476,36.29373158,○
2016,2016091615,15,주,금,1,4,2,0,2,전남,담양군,차대차,측면충돌,측면충돌,중앙선 침범,교차로,교차로부근,승용차,승용차,949200,1701036,126.9412293,35.30356274,○
2016,2016091800,0,야,일,2,2,2,0,0,경기,안산시,차대사람,횡단중,횡단중,과속,교차로,교차로내,승용차,보행자,939296,1923741,126.8149564,37.31066225,○
2016,2016091917,17,주,월,1,0,0,0,0,광주,광산구,차대사람,횡단중,횡단중,보행자 보호의무 위반,교차로,교차로부근,승합차,보행자,939361,1688218,126.8339577,35.18744128,○
2016,2016092217,17,주,목,1,0,0,0,0,서울,서초구,차대사람,기타,기타,안전운전 의무 불이행,단일로,기타단일로,승합차,보행자,957592,1943543,127.020282,37.4901627,○
2016,2016093017,17,주,금,2,1,0,1,0,전북,전주시,차대사람,횡단중,횡단중,보행자 보호의무 위반,교차로,교차로내,특수차,보행자,960869,1764272,127.0665153,35.87424267,○
2016,2016100217,17,주,일,3,2,2,0,0,충남,부여군,차대차,측면충돌,측면충돌,중앙선 침범,단일로,기타단일로,화물차,승용차,927213,1810860,126.689407,36.29230596,○
2016,2016101512,12,주,토,1,0,0,0,0,대전,서구,차대사람,횡단중,횡단중,안전운전 의무 불이행,단일로,기타단일로,승용차,보행자,990396,1815981,127.3929771,36.34117389,○
2016,2016101813,13,주,화,1,0,0,0,0,전북,진안군,차대사람,횡단중,횡단중,안전운전 의무 불이행,단일로,기타단일로,화물차,보행자,988335,1748494,127.3710064,35.73269741,○
2016,2016102515,15,주,화,1,0,0,0,0,부산,강서구,차대사람,횡단중,횡단중,신호위반,단일로,횡단보도상,승합차,보행자,1129402.9,1678769.1,128.9196946,35.09575722,○
2016,2016102820,20,야,금,1,0,0,0,0,서울,중랑구,차대사람,횡단중,횡단중,보행자 보호의무 위반,교차로,교차로부근,승용차,보행자,962884,1955045,127.0795616,37.59406226,○
2016,2016110919,19,야,수,1,0,0,0,0,경기,포천시,차대사람,기타,기타,안전운전 의무 불이행,단일로,기타단일로,승용차,보행자,968730,1980725,127.1446786,37.82573782,○
2016,2016112408,8,주,목,1,0,0,0,0,경남,창원시(통합),차대사람,횡단중,횡단중,안전운전 의무 불이행,교차로,교차로내,승용차,보행자,1103804,1695291,128.6409808,35.2476718,○
2016,2016112621,21,야,토,3,0,0,0,0,경북,안동시,차량단독,전도전복,전도전복,안전운전 의무 불이행,단일로,횡단보도상,승용차,없음,1125277,1828257,128.8978269,36.44370933,○
2016,2016112908,8,주,화,1,1,0,1,0,인천,남동구,차대사람,기타,기타,기타,단일로,횡단보도상,화물차,보행자,929149,1941164,126.6987877,37.46697674,○
2016,2016120218,18,야,금,1,0,0,0,0,인천,서구,차대사람,횡단중,횡단중,신호위반,단일로,기타단일로,승용차,보행자,924705,1946013,126.6480418,37.51032785,○
2016,2016120310,10,주,토,1,1,1,0,0,경남,거제시,차대사람,보도통행중,보도통행중,안전운전 의무 불이행,단일로,기타단일로,승용차,보행자,1111133.687,1661570.159,128.7170045,34.94288359,○
2016,2016120616,16,주,화,1,2,1,1,0,전북,남원시,차대차,정면충돌,정면충돌,중앙선 침범,단일로,기타단일로,승용차,화물차,987003,1712126,127.3568613,35.40476633,○
2016,2016121012,12,주,토,1,2,2,0,0,경기,안산시,차대사람,횡단중,횡단중,신호위반,단일로,횡단보도상,승합차,보행자,941985,1924586,126.8452338,37.3184503,○
2016,2016121113,13,주,일,1,1,0,0,1,경기,용인시,차대사람,보도통행중,보도통행중,안전운전 의무 불이행,단일로,기타단일로,승용차,보행자,966268,1924843,127.1192763,37.32196593,○
2016,2016122118,18,야,수,1,11,0,8,3,경기,군포시,차대사람,기타,기타,신호위반,교차로,교차로내,승합차,보행자,949447,1929187,126.9291332,37.36035727,○
2016,2016122510,10,주,일,1,0,0,0,0,서울,관악구,차대사람,기타,기타,안전운전 의무 불이행,교차로,교차로부근,승용차,보행자,947130,1942649,126.9020057,37.4815651,○
2017,2017010109,9,주,일,1,4,3,1,0,광주,북구,차량단독,도로이탈,도로이탈 추락,안전운전 의무 불이행,단일로,기타,화물차,없음,942432,1692541,126.8673846,35.22660076,○
2017,2017010120,20,야,일,1,6,4,2,0,충남,공주시,차대차,기타,기타,안전운전 의무 불이행,단일로,기타단일로,승용차,승용차,962530,1823895,127.0820735,36.41183818,○
2017,2017010614,14,주,금,1,0,0,0,0,경기,시흥시,차대차,측면충돌,측면충돌,교차로 통행방법 위반,교차로,교차로내,승용차,자전거,936715,1941015,126.7843534,37.46618294,○
2017,2017012005,5,야,금,1,4,1,3,0,충남,서산시,차대차,측면충돌,측면충돌,안전운전 의무 불이행,단일로,기타단일로,화물차,화물차,917611,1868766,126.5762945,36.81349462,○
2017,2017012516,16,주,수,1,0,0,0,0,전남,함평군,차대사람,기타,기타,기타,단일로,기타단일로,승합차,보행자,910326,1674753,126.5165408,35.06386837,○
2017,2017012706,6,주,금,1,3,0,3,0,전북,순창군,차량단독,전도,전도,안전운전 의무 불이행,단일로,기타단일로,승용차,없음,970819,1714895,127.1785262,35.4293908,○
2017,2017013016,16,주,월,1,6,5,1,0,충남,공주시,차대차,측면충돌,측면충돌,신호위반,교차로,교차로내,승용차,승용차,959482,1829470,127.0477867,36.46197301,○
2017,2017021010,10,주,금,1,0,0,0,0,경기,동두천시,차대사람,기타,기타,안전운전 의무 불이행,단일로,기타단일로,승합차,보행자,961481,1989021,127.0618676,37.90023112,○
2017,2017021413,13,주,화,1,1,1,0,0,경북,경주시,차대사람,횡단중,횡단중,안전운전 의무 불이행,단일로,기타단일로,화물차,보행자,1154468,1765152,129.2110131,35.87077183,○
2017,2017022517,17,주,토,1,0,0,0,0,경남,사천시,차대사람,횡단중,횡단중,안전운전 의무 불이행,단일로,기타단일로,승용차,보행자,1052978,1660357,128.0801201,34.93665539,○
2017,2017030414,14,주,토,1,0,0,0,0,부산,금정구,차대차,기타,기타,안전운전 의무 불이행,단일로,기타단일로,자전거,화물차,1144627,1693505.7,129.0892482,35.22651851,○
2017,2017030908,8,주,목,1,1,1,0,0,강원,춘천시,차대사람,횡단중,횡단중,안전운전 의무 불이행,단일로,기타단일로,승용차,보행자,1019904.7,1987666.8,127.7263698,37.88862339,○
2017,2017031020,20,야,금,1,0,0,0,0,경북,안동시,차대사람,길가장자리구역통행중,길가장자리구역통행중,안전운전 의무 불이행,단일로,기타단일로,승용차,보행자,1115081,1840059,128.7858458,36.55135764,○
2017,2017031816,16,주,토,1,10,4,6,0,충북,충주시,차대차,추돌,추돌,안전운전 의무 불이행,단일로,기타,화물차,화물차,1033785,1880333,127.8793148,36.92074883,○
2017,2017032418,18,야,금,1,0,0,0,0,광주,광산구,차대사람,횡단중,횡단중,안전운전 의무 불이행,교차로,교차로부근,승용차,보행자,936501.7,1682974.5,126.8029575,35.13998634,○
2017,2017032516,16,주,토,1,3,3,0,0,경북,봉화군,차량단독,공작물충돌,공작물충돌,안전운전 의무 불이행,기타,기타,승합차,없음,1127719,1880752,128.9338221,36.91647754,○
2017,2017040408,8,주,화,1,0,0,0,0,경기,시흥시,차대사람,기타,기타,과속,단일로,기타단일로,화물차,보행자,933758.2,1926982.8,126.7521776,37.33950288,○
2017,2017041015,15,주,월,1,0,0,0,0,전남,순천시,차대사람,횡단중,횡단중,안전운전 의무 불이행,교차로,교차로부근,승용차,보행자,998915,1661048,127.4881179,34.94427097,○
2017,2017041600,0,야,일,3,1,1,0,0,경기,화성시,차대사람,길가장자리구역통행중,길가장자리구역통행중,안전운전 의무 불이행,단일로,기타단일로,화물차,보행자,931961,1912794,126.7331884,37.21148642,○
2017,2017041611,11,주,일,1,26,8,17,1,울산,남구,차대차,측면충돌,측면충돌,안전운전 의무 불이행,단일로,기타단일로,승합차,승용차,1160678,1729618,129.272664,35.54953889,○
2017,2017041917,17,주,수,1,0,0,0,0,전남,여수시,차대사람,길가장자리구역통행중,길가장자리구역통행중,안전운전 의무 불이행,단일로,기타단일로,승용차,보행자,1014261.3,1640683.3,127.6558327,34.76052987,○
2017,2017042914,14,주,토,2,3,0,3,0,전남,나주시,차대차,측면충돌,측면충돌,교차로 통행방법 위반,교차로,교차로내,승용차,건설기계,940954.3,1669704.8,126.852778,35.02060813,○
2017,2017042917,17,주,토,1,2,2,0,0,경기,평택시,차량단독,공작물충돌,공작물충돌,안전운전 의무 불이행,교차로,교차로부근,승용차,없음,957532,1895956,127.0223214,37.06122531,○
2017,2017043019,19,야,일,1,0,0,0,0,충남,서산시,차대사람,횡단중,횡단중,기타,단일로,기타단일로,승용차,보행자,913563,1852712,126.5327336,36.66843019,○
2017,2017050121,21,야,월,1,0,0,0,0,광주,북구,차대사람,기타,기타,안전운전 의무 불이행,기타,기타,승용차,보행자,943180.8,1687891.3,126.8759336,35.18471901,○
2017,2017050318,18,야,수,1,0,0,0,0,충남,청양군,차량단독,기타,기타,안전운전 의무 불이행,교차로,교차로내,화물차,없음,947423,1813946,126.9142551,36.32144022,○
2017,2017050511,11,주,금,1,3,0,3,0,경북,경주시,차대차,추돌,추돌,안전운전 의무 불이행,단일로,기타단일로,승합차,승용차,1156860,1761146,129.2367103,35.83428947,○
2017,2017050618,18,야,토,1,2,0,2,0,제주,제주시,차대차,기타,기타,중앙선 침범,단일로,기타단일로,승용차,승용차,908957.1,1500928.2,126.5198961,33.49634006,○
2017,2017050815,15,주,월,1,0,0,0,0,충북,충주시,차대사람,횡단중,횡단중,안전운전 의무 불이행,교차로,교차로부근,화물차,보행자,1039225.1,1884393,127.9406016,36.95713598,○
2017,2017050919,19,야,화,1,1,0,1,0,강원,태백시,차대사람,기타,기타,과속,단일로,기타단일로,승용차,보행자,1132553,1908376,128.9929412,37.16473865,○
2017,2017051215,15,주,금,1,5,0,5,0,대전,서구,차대차,측면충돌,측면충돌,안전운전 의무 불이행,단일로,기타단일로,승용차,승용차,986680,1811685,127.3516412,36.30239935,○
2017,2017051817,17,주,목,1,1,1,0,0,전남,장흥군,차대사람,횡단중,횡단중,안전운전 의무 불이행,교차로,교차로내,승용차,보행자,945979,1631581,126.9103105,34.67711999,○
2017,2017052618,18,야,금,1,4,2,2,0,강원,영월군,차량단독,기타,기타,안전운전 의무 불이행,단일로,기타단일로,승용차,없음,1079631,1910025,128.3971465,37.18561165,○
2017,2017060220,20,야,금,1,2,0,2,0,제주,제주시,차대차,정면충돌,정면충돌,중앙선 침범,단일로,기타단일로,화물차,승용차,886686,1481129,126.2826768,33.31566783,○
2017,2017060414,14,주,일,1,0,0,0,0,경북,상주시,차대사람,차도통행중,차도통행중,안전운전 의무 불이행,단일로,기타단일로,건설기계,보행자,1066029,1831022,128.2370517,36.4745452,○
2017,2017061323,23,야,화,1,2,2,0,0,대구,북구,차대차,추돌,추돌,안전운전 의무 불이행,단일로,기타단일로,승용차,승용차,1094576,1767186,128.5479733,35.89672512,○
2017,2017061513,13,주,목,1,0,0,0,0,광주,북구,차대사람,횡단중,횡단중,보행자 보호의무 위반,단일로,기타단일로,승용차,보행자,946424,1687897,126.9115528,35.1849487,○
2017,2017061515,15,주,목,1,0,0,0,0,충북,청주시,차대사람,횡단중,횡단중,안전운전 의무 불이행,교차로,교차로부근,승합차,보행자,988948,1851819,127.3763285,36.66424379,○
2017,2017061800,0,야,일,1,2,2,0,0,전남,영광군,차량단독,공작물충돌,공작물충돌,안전운전 의무 불이행,단일로,기타단일로,승용차,없음,903889,1710389,126.4417931,35.3845544,○
2017,2017062218,18,야,목,1,0,0,0,0,경기,광명시,차대사람,횡단중,횡단중,안전운전 의무 불이행,단일로,기타단일로,화물차,보행자,945925,1939433,126.8886132,37.45250887,○
2017,2017062319,19,야,금,1,0,0,0,0,서울,강동구,차대사람,횡단중,횡단중,신호위반,교차로,교차로내,화물차,보행자,967765,1950338,127.135058,37.55182032,○
2017,2017062513,13,주,일,1,0,0,0,0,경기,시흥시,차대사람,횡단중,횡단중,안전운전 의무 불이행,단일로,기타단일로,화물차,보행자,934106,1928147,126.7560001,37.35002073,○
2017,2017062819,19,야,수,1,4,1,3,0,충남,예산군,차대차,측면충돌,측면충돌,신호위반,교차로,교차로내,승용차,화물차,934902,1837831,126.7727659,36.53598835,○
2017,2017070721,21,야,금,1,2,0,2,0,경기,성남시,차대차,추돌,추돌,안전운전 의무 불이행,단일로,기타,승용차,승용차,967736,1937231,127.1353046,37.43367943,○
2017,2017070800,0,야,토,1,3,3,0,0,전남,해남군,차량단독,기타,기타,안전운전 의무 불이행,교차로,교차로부근,승용차,없음,893863.9,1634177.7,126.341177,34.69645309,○
2017,2017070807,7,주,토,1,3,1,2,0,전북,남원시,차대차,정면충돌,정면충돌,안전운전 의무 불이행,단일로,기타단일로,승용차,승용차,985994,1704284,127.3458835,35.33404245,○
2017,2017070819,19,야,토,1,0,0,0,0,강원,정선군,차대사람,차도통행중,차도통행중,안전운전 의무 불이행,단일로,기타단일로,승용차,보행자,1108067,1942168,128.722141,37.47242196,○
2017,2017071022,22,야,월,2,1,1,0,0,경기,성남시,차량단독,전도전복,전도전복,안전운전 의무 불이행,단일로,기타단일로,승용차,없음,962381,1932993,127.0749918,37.39527776,○
2017,2017071217,17,주,수,1,0,0,0,0,충북,청주시,차대사람,횡단중,횡단중,보행자 보호의무 위반,교차로,기타,승용차,보행자,993809,1847195,127.4307602,36.62260265,○
2017,2017071407,7,주,금,1,0,0,0,0,대구,수성구,차대사람,횡단중,횡단중,보행자 보호의무 위반,단일로,기타단일로,건설기계,보행자,1101472,1760703,128.6235481,35.83759369,○
2017,2017072212,12,주,토,1,1,0,0,1,인천,옹진군,차량단독,공작물충돌,공작물충돌,안전운전 의무 불이행,교차로,교차로부근,자전거,없음,894639,1917454,126.3119719,37.25001366,○
2017,2017072317,17,주,일,2,2,1,1,0,서울,은평구,차대차,기타,기타,신호위반,교차로,교차로내,이륜차,승용차,949808,1956754,126.9313294,37.60884504,○
2017,2017073001,1,야,일,1,17,6,11,0,충북,충주시,차대차,추돌,추돌,안전운전 의무 불이행,기타,기타,화물차,승용차,1030989,1890156,127.8483269,37.00939254,○
2017,2017080117,17,주,화,1,3,0,3,0,강원,원주시,차대차,정면충돌,정면충돌,중앙선 침범,단일로,기타단일로,승용차,승용차,1043262,1927206,127.9884209,37.34287009,○
2017,2017080311,11,주,목,1,14,2,12,0,전남,신안군,차대차,정면충돌,정면충돌,중앙선 침범,단일로,기타단일로,승용차,승합차,879470,1677147,126.1778632,35.08223482,○
2017,2017090211,11,주,토,1,104,9,68,27,경기,용인시,차대차,기타,기타,안전운전 의무 불이행,단일로,기타단일로,승합차,승합차,966501,1899252,127.1230551,37.09129917,○
2017,2017091017,17,주,일,1,5,3,2,0,광주,동구,차대차,추돌,추돌,안전운전 의무 불이행,교차로,교차로부근,승용차,승용차,947691.9,1683361.2,126.9257656,35.14411742,○
2017,2017091713,13,주,일,1,4,2,1,1,부산,기장군,차대차,정면충돌,정면충돌,과속,교차로,교차로내,화물차,승용차,1154527.2,1697254.1,129.1987009,35.25882632,○
2017,2017092313,13,주,토,1,2,1,1,0,경기,안성시,차대차,정면충돌,정면충돌,중앙선 침범,단일로,기타단일로,화물차,건설기계,978973,1898256,127.2634218,37.08268404,○
2017,2017092415,15,주,일,1,1,1,0,0,전남,완도군,차대사람,기타,기타,안전운전 의무 불이행,교차로,교차로부근,승용차,보행자,914411,1576379,126.571271,34.17720433,○
2017,2017092507,7,주,월,1,2,1,1,0,전북,김제시,차대차,추돌,추돌,안전운전 의무 불이행,단일로,기타단일로,승용차,화물차,958500,1754856,127.0407622,35.78925132,○
2017,2017092716,16,주,수,1,0,0,0,0,경기,김포시,차대사람,기타,기타,신호위반,교차로,교차로내,화물차,보행자,927591,1960794,126.6792326,37.64377443,○
2017,2017093018,18,야,토,1,0,0,0,0,경남,합천군,차대차,측면충돌,측면충돌,신호위반,교차로,교차로내,자전거,승용차,1060759,1730377,128.1704975,35.56755062,○
2017,2017100416,16,주,수,1,3,0,3,0,충남,금산군,차대차,측면충돌,측면충돌,안전운전 의무 불이행,단일로,기타단일로,승용차,승용차,996964,1799203,127.4662333,36.18995425,○
2017,2017100816,16,주,일,1,0,0,0,0,대전,동구,차대사람,기타,기타,안전운전 의무 불이행,교차로,교차로내,화물차,보행자,995336,1817190,127.4480191,36.35211014,○
2017,2017100821,21,야,일,1,0,0,0,0,부산,사상구,차대사람,횡단중,횡단중,신호위반,단일로,기타단일로,승용차,보행자,1137191.5,1684781.7,129.0061162,35.1489251,○
2017,2017100920,20,야,월,1,0,0,0,0,전북,정읍시,차대사람,횡단중,횡단중,안전운전 의무 불이행,교차로,교차로부근,승용차,보행자,932242,1735884,126.7518097,35.61674627,○
2017,2017101319,19,야,금,1,2,1,1,0,충남,공주시,차량단독,공작물충돌,공작물충돌,안전운전 의무 불이행,단일로,기타단일로,승용차,없음,960108,1830341,127.0547283,36.46985131,○
2017,2017101415,15,주,토,1,0,0,0,0,광주,남구,차대사람,기타,기타,안전운전 의무 불이행,단일로,기타단일로,승합차,보행자,945477,1680022,126.901672,35.11389101,○
2017,2017101619,19,야,월,1,1,1,0,0,대전,서구,차대사람,횡단중,횡단중,보행자 보호의무 위반,교차로,기타,승용차,보행자,989393,1814959,127.3818141,36.3319496,○
2017,2017101715,15,주,화,1,12,3,9,0,경기,평택시,차대차,추돌,추돌,안전운전 의무 불이행,단일로,기타단일로,승합차,화물차,968908,1889527,127.1505413,37.00371918,○
2017,2017102022,22,야,금,1,5,3,2,0,광주,동구,차대차,기타,기타,중앙선 침범,단일로,기타,승용차,승용차,947382.8,1682780.2,126.9224095,35.13886255,○
2017,2017102105,5,야,토,1,10,0,0,10,경기,의왕시,차대차,추돌,추돌,안전운전 의무 불이행,단일로,기타단일로,화물차,화물차,951864,1925335,126.9566761,37.32576584,○
2017,2017102116,16,주,토,2,0,0,0,0,경기,구리시,차대차,기타,기타,중앙선 침범,단일로,기타단일로,승용차,승용차,968313,1959008,127.1408867,37.62998508,○
2017,2017110718,18,야,화,1,0,0,0,0,경기,성남시,차대사람,횡단중,횡단중,안전운전 의무 불이행,교차로,교차로부근,승합차,보행자,970372,1939113,127.1650245,37.4507312,○
2017,2017111408,8,주,화,1,0,0,0,0,강원,강릉시,차대사람,횡단중,횡단중,보행자 보호의무 위반,단일로,기타단일로,승용차,보행자,1124042,1973073,128.9079986,37.74889366,○
2017,2017112218,18,야,수,2,4,1,3,0,경기,이천시,차대차,기타,기타,신호위반,교차로,교차로부근,승용차,승용차,1009110,1901768,127.6025411,37.1145338,○
2017,2017112614,14,주,일,1,0,0,0,0,경기,양주시,차대사람,기타,기타,안전운전 의무 불이행,교차로,교차로내,화물차,보행자,960321,1980357,127.0491496,37.82209408,○
2017,2017120218,18,야,토,2,1,1,0,0,충남,아산시,차대차,기타,기타,안전운전 의무 불이행,교차로,교차로내,승용차,승용차,961384,1865386,127.0672077,36.7858251,○
2017,2017122013,13,주,수,1,0,0,0,0,전남,진도군,차대사람,횡단중,횡단중,안전운전 의무 불이행,단일로,기타단일로,승용차,보행자,886506,1610592,126.2640109,34.48301549,○
2017,2017122609,9,주,화,1,0,0,0,0,경남,거제시,차대사람,기타,기타,안전운전 의무 불이행,단일로,기타단일로,승용차,보행자,1108290,1656718,128.6852406,34.89944631,○
2017,2017122716,16,주,수,1,0,0,0,0,대전,동구,차대사람,횡단중,횡단중,보행자 보호의무 위반,단일로,기타단일로,승용차,보행자,995724,1814462,127.4523584,36.32751786,○
2017,2017123015,15,주,토,1,4,2,1,1,강원,인제군,차량단독,공작물충돌,공작물충돌,안전운전 의무 불이행,단일로,기타단일로,승합차,없음,1084428,1994042,128.4608613,37.94237744,○
2017,2017123120,20,야,일,1,10,1,9,0,경기,동두천시,차대차,정면충돌,정면충돌,중앙선 침범,단일로,기타단일로,승용차,승용차,961004,1987481,127.0565254,37.8863311,○
2018,2018010918,18,야,화,1,0,0,0,0,경기,여주시,차대사람,기타,기타,안전운전 의무 불이행,단일로,기타단일로,화물차,보행자,1012512,1918276,127.6411101,37.2632995,○
2018,2018011018,18,야,수,1,1,0,0,1,서울,중구,차대사람,보도통행중,보도통행중,기타,단일로,기타단일로,승용차,보행자,956090,1951798,127.0027984,37.56449716,○
2018,2018011400,0,야,일,1,4,1,3,0,경기,고양시,차대차,추돌,추돌,안전운전 의무 불이행,단일로,기타,승용차,승용차,938655,1959524,126.8047422,37.63313402,○
2018,2018011510,10,주,월,1,2,1,1,0,강원,화천군,차량단독,공작물충돌,공작물충돌,안전운전 의무 불이행,단일로,기타,승용차,없음,1022336,2014605,127.7548592,38.13135547,○
2018,2018012214,14,주,월,1,0,0,0,0,인천,남동구,차대사람,횡단중,횡단중,안전운전 의무 불이행,단일로,기타,승용차,보행자,932639,1936016,126.738721,37.42083905,○
2018,2018012713,13,주,토,1,0,0,0,0,전남,순천시,차대사람,횡단중,횡단중,안전운전 의무 불이행,단일로,기타단일로,승용차,보행자,1002707,1661757,127.5296474,34.95066135,○
2018,2018020118,18,야,목,1,3,0,3,0,광주,광산구,차대차,기타,기타,안전운전 의무 불이행,단일로,기타단일로,승용차,승용차,937940,1685472,126.8185575,35.16259502,○
2018,2018020122,22,야,목,3,1,1,0,0,경북,울진군,차대차,정면충돌,정면충돌,중앙선 침범,단일로,기타단일로,승용차,승용차,1166875,1898809,129.3772091,37.07304659,○
2018,2018020419,19,야,일,1,5,2,3,0,충북,진천군,차대차,기타,기타,안전거리 미확보,단일로,기타단일로,승합차,승용차,995449,1880162,127.448905,36.91980195,○
2018,2018021023,23,야,토,1,4,0,4,0,충북,청주시,차대차,정면충돌,정면충돌,중앙선 침범,단일로,기타,승용차,승합차,984188,1843354,127.3232388,36.58786498,○
2018,2018021611,11,주,금,1,3,1,1,1,경기,파주시,차대차,추돌,추돌,안전운전 의무 불이행,단일로,기타단일로,승용차,건설기계,934437,1980245,126.7550726,37.81959187,○
2018,2018030420,20,야,일,3,5,4,1,0,강원,홍천군,차대차,추돌,추돌,안전운전 의무 불이행,단일로,기타,승용차,승용차,1030033,1967414,127.8407148,37.70580602,○
2018,2018031719,19,야,토,1,0,0,0,0,강원,강릉시,차대사람,횡단중,횡단중,안전운전 의무 불이행,단일로,기타단일로,승용차,보행자,1123324.4,1973563.5,128.8999387,37.75341036,○
2018,2018033112,12,주,토,1,6,2,4,0,경남,창녕군,차대차,정면충돌,정면충돌,중앙선 침범,단일로,기타단일로,승용차,승합차,1092447,1719117,128.5188615,35.46358722,○
2018,2018040516,16,주,목,1,0,0,0,0,경북,경주시,차대사람,길가장자리구역통행중,길가장자리구역통행중,안전운전 의무 불이행,교차로,교차로부근,승합차,보행자,1153575,1751908,129.198581,35.75155406,○
2018,2018040916,16,주,월,1,0,0,0,0,경기,시흥시,차대사람,횡단중,횡단중,안전운전 의무 불이행,교차로,교차로내,승용차,보행자,931966,1929778,126.7316898,37.36456663,○
2018,2018041717,17,주,화,1,0,0,0,0,서울,동작구,차대사람,차도통행중,차도통행중,안전운전 의무 불이행,단일로,기타단일로,승합차,보행자,951475,1945423,126.9509654,37.50680639,○
2018,2018042415,15,주,화,1,0,0,0,0,경기,안산시,차대사람,횡단중,횡단중,보행자 보호의무 위반,단일로,기타단일로,승합차,보행자,939483,1927616,126.8167503,37.34560093,○
2018,2018042715,15,주,금,1,9,2,7,0,경북,상주시,차대차,추돌,추돌,안전운전 의무 불이행,단일로,기타단일로,승합차,승용차,1037780,1827594,127.9215643,36.44517271,○
2018,2018042807,7,주,토,1,4,4,0,0,경기,용인시,차대차,기타,기타,안전운전 의무 불이행,단일로,기타단일로,승용차,승합차,980836,1915758,127.283934,37.24048912,○
2018,2018042911,11,주,일,1,0,0,0,0,대전,서구,차대차,측면충돌,측면충돌,안전운전 의무 불이행,단일로,기타단일로,승용차,자전거,987641,1818157,127.3622421,36.36075993,○
2018,2018050616,16,주,일,1,8,2,6,0,전북,군산시,차대차,기타,기타,안전운전 의무 불이행,교차로,교차로내,화물차,승합차,943899,1780257,126.8774042,36.01752991,○
2018,2018050620,20,야,일,1,8,3,5,0,경북,고령군,차대차,정면충돌,정면충돌,중앙선 침범,단일로,기타단일로,승용차,승용차,1064769,1739830,128.2155049,35.652523,○
2018,2018051017,17,주,목,1,0,0,0,0,경기,연천군,차대사람,횡단중,횡단중,안전운전 의무 불이행,교차로,교차로내,승용차,보행자,961950,2003875,127.0664155,38.03412538,○
2018,2018052712,12,주,일,1,3,1,2,0,부산,해운대구,차대차,측면충돌,측면충돌,안전운전 의무 불이행,교차로,교차로내,승용차,승용차,1147337.1,1691190.3,129.1186035,35.20525404,○
2018,2018052712,12,주,일,1,1,1,0,0,울산,북구,차대차,추돌,추돌,과속,단일로,기타단일로,승용차,원동기장치자전거,1166503,1742299,129.3395134,35.66285686,○
2018,2018052713,13,주,일,1,11,2,5,4,경기,시흥시,차대차,추돌,추돌,안전운전 의무 불이행,단일로,기타단일로,화물차,승용차,932931,1931843,126.7423996,37.3832489,○
2018,2018052916,16,주,화,1,0,0,0,0,경기,화성시,차대사람,횡단중,횡단중,신호위반,단일로,기타단일로,승합차,보행자,948147.1,1903213.5,126.9162633,37.12617108,○
2018,2018053017,17,주,수,1,2,2,0,0,경기,구리시,차대차,측면충돌,측면충돌,신호위반,교차로,교차로부근,승용차,이륜차,967717,1954316,127.1343394,37.58767385,○
2018,2018060120,20,야,금,1,3,2,1,0,전북,정읍시,차대차,정면충돌,정면충돌,중앙선 침범,단일로,기타단일로,승용차,승용차,943379.2,1727376.3,126.8753764,35.5407414,○
2018,2018062020,20,야,수,1,0,0,0,0,경기,시흥시,차대사람,기타,기타,안전운전 의무 불이행,단일로,기타단일로,승용차,보행자,937070,1937143,126.7886981,37.43130866,○
2018,2018062323,23,야,토,2,0,0,0,0,경기,용인시,차대차,기타,기타,과속,교차로,교차로내,승용차,승용차,978427,1914100,127.2568218,37.22549125,○
2018,2018062514,14,주,월,1,3,3,0,0,경기,광명시,차대차,추돌,추돌,안전운전 의무 불이행,교차로,교차로부근,승합차,승용차,945803.8,1939562.3,126.8872335,37.45366719,○
2018,2018062618,18,야,화,1,2,2,0,0,전남,순천시,차대차,측면충돌,측면충돌,과속,교차로,교차로내,승용차,승용차,1007741,1656056,127.5847276,34.89922637,○
2018,2018062816,16,주,목,1,0,0,0,0,경기,성남시,차대사람,기타,기타,안전운전 의무 불이행,단일로,기타단일로,승용차,보행자,966232,1930403,127.1186166,37.3720808,○
2018,2018070220,20,야,월,2,2,0,2,0,경기,이천시,차대차,기타,기타,안전운전 의무 불이행,단일로,기타단일로,승용차,승용차,987016,1916822,127.3535921,37.25018667,○
2018,2018070819,19,야,일,1,5,0,5,0,경기,양주시,차대차,측면충돌,측면충돌,중앙선 침범,단일로,기타단일로,승용차,승용차,960501,1980648,127.0511789,37.82472464,○
2018,2018071217,17,주,목,2,6,1,3,2,서울,광진구,차대사람,길가장자리구역통행중,길가장자리구역통행중,안전운전 의무 불이행,단일로,기타단일로,승용차,보행자,963978,1950370,127.0921836,37.55196845,○
2018,2018071320,20,야,금,1,1,1,0,0,충북,영동군,차량단독,전도,전도,안전운전 의무 불이행,단일로,기타단일로,이륜차,없음,1025564,1797496,127.7842685,36.1742318,○
2018,2018071415,15,주,토,1,12,3,9,0,광주,북구,차대차,기타,기타,안전운전 의무 불이행,단일로,기타,승용차,승용차,948043,1688870,126.9292728,35.19380705,○
2018,2018072310,10,주,월,1,3,1,2,0,경기,평택시,차대차,기타,기타,안전운전 의무 불이행,단일로,기타단일로,특수차,승용차,944016,1886366,126.8710141,36.97407284,○
2018,2018072812,12,주,토,1,6,2,4,0,경기,용인시,차대차,정면충돌,정면충돌,중앙선 침범,교차로,교차로부근,승용차,승용차,968711,1917028,127.1471783,37.25160842,○
2018,2018080416,16,주,토,1,3,0,3,0,경남,창녕군,차량단독,공작물충돌,공작물충돌,안전운전 의무 불이행,단일로,기타단일로,승용차,없음,1094122,1722650,128.5377284,35.49528085,○
2018,2018080720,20,야,화,1,6,4,2,0,강원,양양군,차대차,추돌,추돌,안전운전 의무 불이행,단일로,기타단일로,특수차,승용차,1095643.4,2008836.9,128.5904552,38.07458657,○
2018,2018080803,3,야,수,1,0,0,0,0,충남,천안시,차대차,추돌,추돌,안전운전 의무 불이행,단일로,기타단일로,화물차,특수차,970643,1861703,127.1711188,36.7529565,○
2018,2018080810,10,주,수,2,15,4,11,0,경기,양주시,차대차,정면충돌,정면충돌,중앙선 침범,단일로,기타단일로,승용차,승합차,961026,1984560,127.0569333,37.86000558,○
2018,2018080913,13,주,목,1,4,0,4,0,대구,수성구,차대차,측면충돌,측면충돌,신호위반,교차로,교차로내,승용차,이륜차,1102351,1759274,128.633096,35.82462069,○
2018,2018081313,13,주,월,1,2,0,2,0,충북,청주시,차대차,측면충돌,측면충돌,신호위반,교차로,교차로내,이륜차,화물차,996338,1846343,127.4590484,36.61493494,○
2018,2018081823,23,야,토,1,1,1,0,0,경기,의왕시,차량단독,공작물충돌,공작물충돌,안전운전 의무 불이행,기타,기타,승용차,없음,956205.1,1932237.5,127.0052653,37.38819671,○
2018,2018082001,1,야,월,1,2,1,1,0,충남,당진시,차대사람,기타,기타,안전운전 의무 불이행,단일로,기타단일로,승용차,보행자,928905,1877131,126.7021221,36.88981099,○
2018,2018082217,17,주,수,1,0,0,0,0,부산,북구,차대차,기타,기타,안전운전 의무 불이행,단일로,기타,승용차,화물차,1137762,1694847,129.0140602,35.2395757,○
2018,2018082612,12,주,일,1,0,0,0,0,충남,천안시,차대사람,보도통행중,보도통행중,신호위반,교차로,기타,승용차,보행자,968108.8,1866757.8,127.1425176,36.79844163,○
2018,2018090115,15,주,토,1,0,0,0,0,경기,김포시,차대차,기타,기타,신호위반,교차로,교차로내,승용차,자전거,921338,1965351,126.60787,37.68432921,○
2018,2018090213,13,주,일,1,2,1,1,0,울산,울주군,차대차,추돌,추돌,안전거리 미확보,단일로,기타단일로,화물차,승용차,1157429,1731096,129.2371221,35.56338085,○
2018,2018090216,16,주,일,2,4,0,4,0,경남,함안군,차대차,추돌,추돌,안전운전 의무 불이행,단일로,기타단일로,특수차,승용차,1091203,1699890,128.5030057,35.29036132,○
2018,2018090422,22,야,화,1,2,2,0,0,경남,밀양시,차대차,추돌,추돌,안전운전 의무 불이행,단일로,기타단일로,승용차,승용차,1114345,1716607,128.7598003,35.4386825,○
2018,2018090704,4,야,금,1,1,1,0,0,경북,포항시,차량단독,공작물충돌,공작물충돌,안전운전 의무 불이행,단일로,기타단일로,승용차,없음,1170404,1788299,129.3924248,36.07670769,○
2018,2018091121,21,야,화,1,0,0,0,0,경기,구리시,차대사람,기타,기타,안전운전 의무 불이행,단일로,기타단일로,승용차,보행자,967749,1954997,127.1346718,37.59381306,○
2018,2018091515,15,주,토,1,1,0,0,1,인천,옹진군,차대사람,차도통행중,차도통행중,안전운전 의무 불이행,단일로,기타단일로,승용차,보행자,888133,1909885,126.2397627,37.18104378,○
2018,2018091820,20,야,화,1,0,0,0,0,경기,수원시,차대차,측면충돌,측면충돌,안전운전 의무 불이행,교차로,기타,승합차,자전거,961496,1917718,127.0657866,37.25755757,○
2018,2018092319,19,야,일,1,0,0,0,0,충남,청양군,차대사람,기타,기타,안전운전 의무 불이행,기타,기타,승용차,보행자,938465,1828090,126.8133425,36.44841368,○
2018,2018092716,16,주,목,1,3,0,3,0,경남,남해군,차대차,정면충돌,정면충돌,중앙선 침범,단일로,기타단일로,화물차,승용차,1046570,1648357,128.0092859,34.82876308,○
2018,2018093012,12,주,일,1,0,0,0,0,서울,강남구,차대차,측면충돌,측면충돌,안전운전 의무 불이행,단일로,기타단일로,승합차,자전거,958821,1948046,127.0339317,37.53080545,○
2018,2018100616,16,주,토,1,0,0,0,0,경기,안성시,차대사람,보도통행중,보도통행중,기타,단일로,기타단일로,화물차,보행자,976602,1890532,127.2369859,37.01300167,○
2018,2018100919,19,야,화,1,2,1,1,0,전남,완도군,차대차,추돌,추돌,안전운전 의무 불이행,단일로,기타단일로,승용차,농기계,936057.6,1601715.5,126.8042603,34.40723727,○
2018,2018101116,16,주,목,1,0,0,0,0,인천,계양구,차대사람,횡단중,횡단중,보행자 보호의무 위반,교차로,기타,승합차,보행자,934500,1951469,126.7583756,37.56024935,○
2018,2018101408,8,주,일,1,1,0,1,0,경북,포항시,차대사람,횡단중,횡단중,신호위반,교차로,교차로내,승용차,보행자,1165465,1780616,129.3359918,36.00832778,○
2018,2018101419,19,야,일,1,7,2,5,0,경남,함양군,차대차,추돌,추돌,안전운전 의무 불이행,단일로,기타단일로,화물차,승용차,1025482,1727622,127.7811234,35.54424676,○
2018,2018101713,13,주,수,1,5,0,5,0,부산,기장군,차대차,추돌,추돌,안전운전 의무 불이행,단일로,기타단일로,화물차,화물차,1157066,1700000,129.2271238,35.28317997,○
2018,2018102319,19,야,화,2,4,4,0,0,충남,홍성군,차대차,기타,기타,기타,단일로,기타단일로,화물차,승용차,915321.4,1847681.3,126.5529638,36.62324299,○
2018,2018111520,20,야,목,1,3,0,3,0,서울,구로구,차량단독,공작물충돌,공작물충돌,안전운전 의무 불이행,교차로,교차로부근,승용차,없음,941821,1944702,126.8417986,37.49974979,○
2018,2018112814,14,주,수,1,0,0,0,0,경기,의왕시,차대사람,횡단중,횡단중,안전운전 의무 불이행,단일로,기타단일로,승합차,보행자,955759,1932532,127.0002084,37.39082999,○
2018,2018121510,10,주,토,1,10,2,8,0,충남,논산시,차대차,추돌,추돌,안전거리 미확보,기타,기타,승용차,승용차,961059,1793255,127.0671943,36.13555169,○
2018,2018122211,11,주,토,2,6,4,2,0,강원,평창군,차대차,정면충돌,정면충돌,중앙선 침범,단일로,기타단일로,승용차,승용차,1081260.1,1935501.2,128.4182858,37.41508352,○
2019,2019011621,21,야,수,1,4,0,3,1,전남,화순군,차량단독,도로이탈,도로이탈 추락,과속,단일로,기타단일로,승용차,없음,966462.9,1667079.5,127.1324861,34.99810421,○
2019,2019012420,20,야,목,3,5,4,1,0,강원,삼척시,차대차,측면충돌,측면충돌,안전거리 미확보,단일로,기타,화물차,승용차,1149446.5,1937500.2,129.1889996,37.42460034,○
2019,2019020316,16,주,일,1,4,0,4,0,경기,안양시,차대차,정면충돌,정면충돌,중앙선 침범,단일로,기타단일로,승용차,승용차,949307,1933861,126.927232,37.40247825,○
2019,2019020913,13,주,토,1,2,0,0,2,경기,평택시,차량단독,공작물충돌,공작물충돌,안전운전 의무 불이행,단일로,기타단일로,승용차,없음,963757,1896117,127.0923304,37.06293786,○
2019,2019021613,13,주,토,1,0,0,0,0,경남,창원시(통합),차대사람,횡단중,횡단중,기타,교차로,교차로내,승용차,보행자,1097128,1690643,128.5670632,35.20643715,○
2019,2019021615,15,주,토,1,4,0,4,0,경북,경산시,차대차,정면충돌,정면충돌,신호위반,교차로,교차로내,화물차,승용차,1111361,1761255,128.7330993,35.84149601,○
2019,2019022715,15,주,수,1,2,0,2,0,서울,송파구,차대차,측면충돌,측면충돌,중앙선 침범,단일로,기타단일로,이륜차,승용차,968450,1942527,127.1431484,37.48143985,○
2019,2019030110,10,주,금,1,6,2,4,0,충남,천안시,차대차,측면충돌,측면충돌,안전운전 의무 불이행,단일로,기타단일로,승용차,승용차,968911,1853109,127.1520653,36.67542899,○
2019,2019031315,15,주,수,1,0,0,0,0,전남,함평군,차대사람,횡단중,횡단중,안전운전 의무 불이행,교차로,교차로내,화물차,보행자,911149,1675021,126.5255368,35.06635751,○
2019,2019031817,17,주,월,1,0,0,0,0,전남,목포시,차대사람,횡단중,횡단중,안전운전 의무 불이행,단일로,기타단일로,승용차,보행자,899191,1647453,126.3977404,34.81668409,○
2019,2019032008,8,주,수,1,0,0,0,0,전북,익산시,차대차,측면충돌,측면충돌,안전운전 의무 불이행,교차로,교차로부근,승합차,자전거,949193,1771544,126.9367116,35.93926811,○
2019,2019032107,7,주,목,1,1,1,0,0,전남,신안군,차대사람,횡단중,횡단중,안전운전 의무 불이행,단일로,기타단일로,승용차,보행자,877263,1652759,126.157253,34.86211084,○
2019,2019032317,17,주,토,1,14,0,7,7,경기,용인시,차대차,추돌,추돌,안전운전 의무 불이행,단일로,기타단일로,승합차,승용차,964889.6,1926012.3,127.1036636,37.33245459,○
2019,2019032319,19,야,토,1,0,0,0,0,전남,화순군,차대사람,보도통행중,보도통행중,안전운전 의무 불이행,단일로,기타단일로,이륜차,보행자,953715,1674303,126.9923909,35.06273554,○
2019,2019032916,16,주,금,1,5,1,2,2,경북,구미시,차대차,기타,기타,중앙선 침범,단일로,기타단일로,승용차,승용차,1073703,1789256,128.3187629,36.09748225,○
2019,2019033010,10,주,토,1,4,3,1,0,경북,경주시,차대차,정면충돌,정면충돌,중앙선 침범,단일로,기타단일로,승용차,승용차,1158385,1762291,129.2538148,35.84436301,○
2019,2019040518,18,야,금,1,0,0,0,0,충북,충주시,차대사람,횡단중,횡단중,안전운전 의무 불이행,단일로,기타단일로,승용차,보행자,1037798,1887155,127.9247102,36.98209168,○
2019,2019041222,22,야,금,1,3,1,2,0,경기,이천시,차대차,추돌,추돌,안전운전 의무 불이행,단일로,기타단일로,승용차,승용차,990786,1919399,127.3960707,37.27346072,○
2019,2019041314,14,주,토,1,3,2,0,1,경북,칠곡군,차대차,추돌,추돌,안전운전 의무 불이행,단일로,기타단일로,승용차,건설기계,1094353,1781224,128.547172,36.02329216,○
2019,2019050518,18,야,일,1,3,2,1,0,전남,영암군,차대차,기타,기타,안전운전 의무 불이행,기타,기타,승용차,승용차,928949.5,1644230.3,126.7233645,34.79013788,○
2019,2019050717,17,주,화,1,0,0,0,0,서울,강서구,차대사람,차도통행중,차도통행중,기타,단일로,기타단일로,승용차,보행자,939355,1951025,126.8133794,37.5565801,○
2019,2019051514,14,주,수,1,0,0,0,0,전남,광양시,차대차,측면충돌,측면충돌,안전운전 의무 불이행,교차로,기타,자전거,승합차,1009629,1664601,127.6054909,34.97626491,○
2019,2019051519,19,야,수,2,5,3,2,0,인천,연수구,차대차,정면충돌,정면충돌,신호위반,교차로,교차로내,승합차,승합차,926056.9,1932194.6,126.6647229,37.38589493,○
2019,2019060113,13,주,토,1,3,3,0,0,인천,강화군,차대차,추돌,추돌,안전운전 의무 불이행,단일로,기타단일로,화물차,승용차,912196,1973302,126.5032417,37.75515349,○
2019,2019060215,15,주,일,1,2,1,1,0,강원,인제군,차대차,정면충돌,정면충돌,중앙선 침범,단일로,기타단일로,승용차,화물차,1056502,2015697,128.1447722,38.13970418,○
2019,2019060407,7,주,화,3,1,1,0,0,충남,공주시,차대차,정면충돌,정면충돌,중앙선 침범,기타,기타,화물차,승용차,966072,1832693,127.1211934,36.49128444,○
2019,2019060521,21,야,수,1,0,0,0,0,서울,양천구,차대사람,차도통행중,차도통행중,보행자 보호의무 위반,교차로,교차로내,승합차,보행자,943355,1946352,126.8590252,37.51471681,○
2019,2019061719,19,야,월,2,2,1,1,0,전남,광양시,차대차,측면충돌,측면충돌,신호위반,교차로,교차로내,승합차,승용차,1020596,1661868,127.7255722,34.95145647,○
2019,2019062918,18,야,토,1,3,2,1,0,경남,거제시,차대차,정면충돌,정면충돌,중앙선 침범,단일로,기타단일로,승용차,승용차,1098329,1655421,128.5760823,34.88876672,○
2019,2019071208,8,주,금,1,0,0,0,0,강원,인제군,차대사람,보도통행중,보도통행중,중앙선 침범,교차로,교차로부근,승용차,보행자,1059612,2008371,128.1796477,38.07348138,○
2019,2019080414,14,주,일,1,1,0,0,1,부산,기장군,차량단독,공작물충돌,공작물충돌,안전운전 의무 불이행,교차로,교차로내,승용차,없음,1152698.1,1699066,129.1789385,35.27543784,○
2019,2019080516,16,주,월,1,0,0,0,0,경남,창원시(통합),차대사람,기타,기타,안전운전 의무 불이행,기타,기타,승용차,보행자,1101793,1695839,128.6189482,35.25281857,○
2019,2019080810,10,주,목,1,0,0,0,0,서울,양천구,차대사람,횡단중,횡단중,보행자 보호의무 위반,단일로,기타단일로,승용차,보행자,944496,1946466,126.871927,37.51581366,○
2019,2019080910,10,주,금,1,4,0,4,0,경남,김해시,차대차,기타,기타,신호위반,교차로,교차로내,이륜차,화물차,1124684,1694041,128.870244,35.23402259,○
2019,2019081412,12,주,수,1,1,1,0,0,경기,이천시,차대차,기타,기타,기타,교차로,교차로내,승용차,이륜차,997638,1908650,127.4733919,37.17661093,○
2019,2019081623,23,야,금,1,4,1,3,0,충북,음성군,차대사람,차도통행중,차도통행중,안전운전 의무 불이행,교차로,교차로부근,승용차,보행자,1008433,1887783,127.594764,36.98847462,○
2019,2019082312,12,주,금,1,0,0,0,0,울산,북구,차대사람,횡단중,횡단중,안전운전 의무 불이행,단일로,기타단일로,화물차,보행자,1167748,1740180,129.3528205,35.64355013,○
2019,2019082808,8,주,수,1,1,0,0,1,인천,부평구,차대사람,기타,기타,안전운전 의무 불이행,기타,기타,자전거,보행자,929163,1945159.2,126.6985614,37.50298578,○
2019,2019090817,17,주,일,1,1,0,1,0,경북,포항시,차대사람,기타,기타,안전운전 의무 불이행,단일로,기타단일로,승용차,보행자,1166810,1778942,129.3505563,35.99301365,○
2019,2019091117,17,주,수,1,1,0,1,0,충남,아산시,차대사람,횡단중,횡단중,보행자 보호의무 위반,교차로,교차로내,화물차,보행자,955130,1864225,126.9971861,36.7750837,○
2019,2019091708,8,주,화,1,2,1,1,0,충남,공주시,차대사람,횡단중,횡단중,보행자 보호의무 위반,교차로,기타,승합차,보행자,966139,1827959,127.1221486,36.44860963,○
2019,2019092215,15,주,일,1,17,2,15,0,대구,동구,차량단독,공작물충돌,공작물충돌,과속,단일로,기타단일로,승합차,없음,1107417,1765789,128.6900469,35.88280656,○
2019,2019092514,14,주,수,1,18,7,7,4,경기,의왕시,차량단독,공작물충돌,공작물충돌,안전운전 의무 불이행,단일로,기타단일로,승합차,없음,955710,1931555,126.9997134,37.38202146,○
2019,2019092713,13,주,금,1,0,0,0,0,경북,상주시,차대사람,횡단중,횡단중,보행자 보호의무 위반,교차로,교차로내,승용차,보행자,1060026,1824494,128.1695415,36.41609258,○
2019,2019092816,16,주,토,1,3,0,3,0,전남,나주시,차대차,측면충돌,측면충돌,기타,교차로,교차로내,승용차,승용차,924896,1669682,126.6767734,35.01933626,○
2019,2019100612,12,주,일,1,1,1,0,0,전남,강진군,차대차,측면충돌,측면충돌,기타,교차로,교차로내,이륜차,화물차,933801,1634393,126.7771644,34.70176078,○
2019,2019100919,19,야,수,1,2,0,2,0,전북,완주군,차대차,추돌,추돌,안전운전 의무 불이행,교차로,교차로부근,승용차,화물차,966214,1771945,127.1253989,35.94362064,○
2019,2019101418,18,야,월,1,0,0,0,0,충남,서천군,차대사람,횡단중,횡단중,안전운전 의무 불이행,단일로,기타단일로,승용차,보행자,928000,1779712,126.7010241,36.01157103,○
2019,2019101614,14,주,수,1,0,0,0,0,강원,동해시,차대사람,횡단중,횡단중,안전운전 의무 불이행,기타,기타,승용차,보행자,1142127,1944149,129.1075894,37.48566009,○
2019,2019102515,15,주,금,1,8,1,7,0,경기,화성시,차대차,측면충돌,측면충돌,안전운전 의무 불이행,교차로,교차로내,승용차,승합차,948619.1,1904418.2,126.9214939,37.13705601,○
2019,2019102519,19,야,금,1,0,0,0,0,부산,사하구,차대사람,기타,기타,안전운전 의무 불이행,단일로,기타,승합차,보행자,1134147,1676233,128.971317,35.07227543,○
2019,2019102721,21,야,일,1,2,2,0,0,경남,창원시(통합),차대차,추돌,추돌,안전운전 의무 불이행,단일로,기타단일로,승용차,승용차,1105553,1693415,128.6599609,35.23057646,○
2019,2019102817,17,주,월,1,3,0,3,0,전남,곡성군,차대차,추돌,추돌,안전운전 의무 불이행,기타,기타,화물차,승용차,970933,1694785,127.1804966,35.24806638,○
2019,2019110218,18,야,토,1,5,4,0,1,경남,고성군,차대차,기타,기타,안전운전 의무 불이행,교차로,교차로부근,승용차,승용차,1070480,1665260,128.2721717,34.97979797,○
2019,2019110219,19,야,토,1,0,0,0,0,경기,하남시,차대사람,횡단중,횡단중,안전운전 의무 불이행,단일로,기타단일로,승합차,보행자,973560,1949055,127.2007103,37.54044058,○
2019,2019110315,15,주,일,1,6,6,0,0,전남,담양군,차대차,정면충돌,정면충돌,중앙선 침범,단일로,기타단일로,승용차,승용차,947696,1707151,126.924296,35.35862102,○
2019,2019111611,11,주,토,1,3,2,1,0,부산,해운대구,차대사람,보도통행중,보도통행중,신호위반,교차로,교차로부근,승용차,보행자,1152500,1688269,129.1747598,35.17815214,○
2019,2019111711,11,주,일,1,13,4,9,0,대구,수성구,차대차,정면충돌,정면충돌,안전운전 의무 불이행,단일로,기타단일로,승용차,승용차,1102215,1764248,128.6322278,35.86947255,○
2019,2019112517,17,주,월,1,3,1,2,0,경기,김포시,차대차,기타,기타,중앙선 침범,기타,기타,승용차,승용차,925195,1963298,126.6518196,37.66614952,○
2019,2019123112,12,주,화,1,1,0,1,0,울산,울주군,차대사람,횡단중,횡단중,기타,교차로,교차로부근,승용차,보행자,1157722,1731868,129.2405043,35.57029182,○
